<annotation>
	<folder>carambola</folder>
	<filename>tree_carambola_309_a.jpg</filename>
	<source>
		<database>The VOC2008 Database</database>
		<annotation>PASCAL VOC2008</annotation>
		<image>flickr</image>
	</source>
	<size>
		<width>512</width>
		<height>512</height>
		<depth>3</depth>
	</size>
	<segmented>0</segmented>
	<object>
		<name>carambola</name>
		<pose>Unspecified</pose>
		<truncated>0</truncated>
		<occluded>1</occluded>
		<bndbox>
			<xmin>14</xmin>
			<ymin>41</ymin>
			<xmax>70</xmax>
			<ymax>106</ymax>
		</bndbox>
		<difficult>1</difficult>
	</object>
	<object>
		<name>carambola</name>
		<pose>Unspecified</pose>
		<truncated>0</truncated>
		<occluded>1</occluded>
		<bndbox>
			<xmin>29</xmin>
			<ymin>401</ymin>
			<xmax>85</xmax>
			<ymax>478</ymax>
		</bndbox>
		<difficult>0</difficult>
	</object>
	<object>
		<name>carambola</name>
		<pose>Unspecified</pose>
		<truncated>0</truncated>
		<occluded>0</occluded>
		<bndbox>
			<xmin>33</xmin>
			<ymin>340</ymin>
			<xmax>96</xmax>
			<ymax>432</ymax>
		</bndbox>
		<difficult>0</difficult>
	</object>
	<object>
		<name>carambola</name>
		<pose>Unspecified</pose>
		<truncated>0</truncated>
		<occluded>1</occluded>
		<bndbox>
			<xmin>136</xmin>
			<ymin>323</ymin>
			<xmax>188</xmax>
			<ymax>416</ymax>
		</bndbox>
		<difficult>1</difficult>
	</object>
	<object>
		<name>carambola</name>
		<pose>Unspecified</pose>
		<truncated>0</truncated>
		<occluded>0</occluded>
		<bndbox>
			<xmin>106</xmin>
			<ymin>319</ymin>
			<xmax>162</xmax>
			<ymax>412</ymax>
		</bndbox>
		<difficult>0</difficult>
	</object>
	<object>
		<name>carambola</name>
		<pose>Unspecified</pose>
		<truncated>0</truncated>
		<occluded>0</occluded>
		<bndbox>
			<xmin>162</xmin>
			<ymin>305</ymin>
			<xmax>216</xmax>
			<ymax>384</ymax>
		</bndbox>
		<difficult>0</difficult>
	</object>
	<object>
		<name>carambola</name>
		<pose>Unspecified</pose>
		<truncated>0</truncated>
		<occluded>1</occluded>
		<bndbox>
			<xmin>328</xmin>
			<ymin>344</ymin>
			<xmax>374</xmax>
			<ymax>420</ymax>
		</bndbox>
		<difficult>1</difficult>
	</object>
	<object>
		<name>carambola</name>
		<pose>Unspecified</pose>
		<truncated>0</truncated>
		<occluded>1</occluded>
		<bndbox>
			<xmin>128</xmin>
			<ymin>329</ymin>
			<xmax>178</xmax>
			<ymax>398</ymax>
		</bndbox>
		<difficult>0</difficult>
	</object>
	<object>
		<name>carambola</name>
		<pose>Unspecified</pose>
		<truncated>1</truncated>
		<occluded>1</occluded>
		<bndbox>
			<xmin>167</xmin>
			<ymin>378</ymin>
			<xmax>222</xmax>
			<ymax>466</ymax>
		</bndbox>
		<difficult>0</difficult>
	</object>
	<object>
		<name>carambola</name>
		<pose>Unspecified</pose>
		<truncated>0</truncated>
		<occluded>0</occluded>
		<bndbox>
			<xmin>72</xmin>
			<ymin>300</ymin>
			<xmax>128</xmax>
			<ymax>383</ymax>
		</bndbox>
		<difficult>0</difficult>
	</object>
	<object>
		<name>carambola</name>
		<pose>Unspecified</pose>
		<truncated>0</truncated>
		<occluded>1</occluded>
		<bndbox>
			<xmin>120</xmin>
			<ymin>271</ymin>
			<xmax>172</xmax>
			<ymax>346</ymax>
		</bndbox>
		<difficult>0</difficult>
	</object>
	<object>
		<name>carambola</name>
		<pose>Unspecified</pose>
		<truncated>0</truncated>
		<occluded>0</occluded>
		<bndbox>
			<xmin>131</xmin>
			<ymin>240</ymin>
			<xmax>175</xmax>
			<ymax>296</ymax>
		</bndbox>
		<difficult>0</difficult>
	</object>
	<object>
		<name>carambola</name>
		<pose>Unspecified</pose>
		<truncated>0</truncated>
		<occluded>0</occluded>
		<bndbox>
			<xmin>38</xmin>
			<ymin>206</ymin>
			<xmax>87</xmax>
			<ymax>284</ymax>
		</bndbox>
		<difficult>0</difficult>
	</object>
	<object>
		<name>carambola</name>
		<pose>Unspecified</pose>
		<truncated>0</truncated>
		<occluded>1</occluded>
		<bndbox>
			<xmin>83</xmin>
			<ymin>188</ymin>
			<xmax>132</xmax>
			<ymax>236</ymax>
		</bndbox>
		<difficult>1</difficult>
	</object>
</annotation>
