<annotation>
	<folder>carambola</folder>
	<filename>tree_carambola_500x375.jpg</filename>
	<source>
		<database>The VOC2008 Database</database>
		<annotation>PASCAL VOC2008</annotation>
		<image>flickr</image>
	</source>
	<size>
		<width>512</width>
		<height>512</height>
		<depth>3</depth>
	</size>
	<segmented>0</segmented>
	<object>
		<name>carambola</name>
		<pose>Unspecified</pose>
		<truncated>0</truncated>
		<occluded>0</occluded>
		<bndbox>
			<xmin>172</xmin>
			<ymin>151</ymin>
			<xmax>420</xmax>
			<ymax>495</ymax>
		</bndbox>
		<difficult>0</difficult>
	</object>
</annotation>
