<annotation>
	<folder>carambola</folder>
	<filename>tree_carambola_309_a.jpg</filename>
	<source>
		<database>The VOC2008 Database</database>
		<annotation>PASCAL VOC2008</annotation>
		<image>flickr</image>
	</source>
	<size>
		<width>512</width>
		<height>512</height>
		<depth>3</depth>
	</size>
	<segmented>0</segmented>
	<object>
		<name>carambola</name>
		<pose>Unspecified</pose>
		<truncated>1</truncated>
		<occluded>1</occluded>
		<bndbox>
			<xmin>0</xmin>
			<ymin>58</ymin>
			<xmax>32</xmax>
			<ymax>138</ymax>
		</bndbox>
		<difficult>1</difficult>
	</object>
	<object>
		<name>carambola</name>
		<pose>Unspecified</pose>
		<truncated>0</truncated>
		<occluded>1</occluded>
		<bndbox>
			<xmin>166</xmin>
			<ymin>158</ymin>
			<xmax>209</xmax>
			<ymax>75</ymax>
		</bndbox>
		<difficult>0</difficult>
	</object>
	<object>
		<name>carambola</name>
		<pose>Unspecified</pose>
		<truncated>0</truncated>
		<occluded>1</occluded>
		<bndbox>
			<xmin>111</xmin>
			<ymin>224</ymin>
			<xmax>166</xmax>
			<ymax>122</ymax>
		</bndbox>
		<difficult>0</difficult>
	</object>
	<object>
		<name>carambola</name>
		<pose>Unspecified</pose>
		<truncated>0</truncated>
		<occluded>1</occluded>
		<bndbox>
			<xmin>140</xmin>
			<ymin>281</ymin>
			<xmax>192</xmax>
			<ymax>192</ymax>
		</bndbox>
		<difficult>0</difficult>
	</object>
	<object>
		<name>carambola</name>
		<pose>Unspecified</pose>
		<truncated>0</truncated>
		<occluded>1</occluded>
		<bndbox>
			<xmin>100</xmin>
			<ymin>331</ymin>
			<xmax>143</xmax>
			<ymax>273</ymax>
		</bndbox>
		<difficult>1</difficult>
	</object>
	<object>
		<name>carambola</name>
		<pose>Unspecified</pose>
		<truncated>0</truncated>
		<occluded>1</occluded>
		<bndbox>
			<xmin>94</xmin>
			<ymin>400</ymin>
			<xmax>130</xmax>
			<ymax>315</ymax>
		</bndbox>
		<difficult>0</difficult>
	</object>
	<object>
		<name>carambola</name>
		<pose>Unspecified</pose>
		<truncated>0</truncated>
		<occluded>0</occluded>
		<bndbox>
			<xmin>128</xmin>
			<ymin>312</ymin>
			<xmax>172</xmax>
			<ymax>406</ymax>
		</bndbox>
		<difficult>0</difficult>
	</object>
	<object>
		<name>carambola</name>
		<pose>Unspecified</pose>
		<truncated>0</truncated>
		<occluded>1</occluded>
		<bndbox>
			<xmin>142</xmin>
			<ymin>492</ymin>
			<xmax>182</xmax>
			<ymax>412</ymax>
		</bndbox>
		<difficult>0</difficult>
	</object>
	<object>
		<name>carambola</name>
		<pose>Unspecified</pose>
		<truncated>0</truncated>
		<occluded>1</occluded>
		<bndbox>
			<xmin>211</xmin>
			<ymin>422</ymin>
			<xmax>236</xmax>
			<ymax>382</ymax>
		</bndbox>
		<difficult>1</difficult>
	</object>
	<object>
		<name>carambola</name>
		<pose>Unspecified</pose>
		<truncated>0</truncated>
		<occluded>1</occluded>
		<bndbox>
			<xmin>215</xmin>
			<ymin>258</ymin>
			<xmax>248</xmax>
			<ymax>259</ymax>
		</bndbox>
		<difficult>0</difficult>
	</object>
	<object>
		<name>carambola</name>
		<pose>Unspecified</pose>
		<truncated>0</truncated>
		<occluded>1</occluded>
		<bndbox>
			<xmin>263</xmin>
			<ymin>296</ymin>
			<xmax>289</xmax>
			<ymax>234</ymax>
		</bndbox>
		<difficult>1</difficult>
	</object>
	<object>
		<name>carambola</name>
		<pose>Unspecified</pose>
		<truncated>0</truncated>
		<occluded>1</occluded>
		<bndbox>
			<xmin>278</xmin>
			<ymin>238</ymin>
			<xmax>320</xmax>
			<ymax>165</ymax>
		</bndbox>
		<difficult>0</difficult>
	</object>
	<object>
		<name>carambola</name>
		<pose>Unspecified</pose>
		<truncated>0</truncated>
		<occluded>1</occluded>
		<bndbox>
			<xmin>248</xmin>
			<ymin>70</ymin>
			<xmax>272</xmax>
			<ymax>121</ymax>
		</bndbox>
		<difficult>1</difficult>
	</object>
	<object>
		<name>carambola</name>
		<pose>Unspecified</pose>
		<truncated>0</truncated>
		<occluded>1</occluded>
		<bndbox>
			<xmin>264</xmin>
			<ymin>104</ymin>
			<xmax>288</xmax>
			<ymax>52</ymax>
		</bndbox>
		<difficult>1</difficult>
	</object>
	<object>
		<name>carambola</name>
		<pose>Unspecified</pose>
		<truncated>0</truncated>
		<occluded>1</occluded>
		<bndbox>
			<xmin>332</xmin>
			<ymin>56</ymin>
			<xmax>360</xmax>
			<ymax>18</ymax>
		</bndbox>
		<difficult>0</difficult>
	</object>
	<object>
		<name>carambola</name>
		<pose>Unspecified</pose>
		<truncated>0</truncated>
		<occluded>1</occluded>
		<bndbox>
			<xmin>402</xmin>
			<ymin>2</ymin>
			<xmax>432</xmax>
			<ymax>50</ymax>
		</bndbox>
		<difficult>1</difficult>
	</object>
	<object>
		<name>carambola</name>
		<pose>Unspecified</pose>
		<truncated>0</truncated>
		<occluded>1</occluded>
		<bndbox>
			<xmin>432</xmin>
			<ymin>56</ymin>
			<xmax>454</xmax>
			<ymax>29</ymax>
		</bndbox>
		<difficult>1</difficult>
	</object>
	<object>
		<name>carambola</name>
		<pose>Unspecified</pose>
		<truncated>0</truncated>
		<occluded>1</occluded>
		<bndbox>
			<xmin>428</xmin>
			<ymin>57</ymin>
			<xmax>450</xmax>
			<ymax>96</ymax>
		</bndbox>
		<difficult>0</difficult>
	</object>
	<object>
		<name>carambola</name>
		<pose>Unspecified</pose>
		<truncated>0</truncated>
		<occluded>1</occluded>
		<bndbox>
			<xmin>411</xmin>
			<ymin>110</ymin>
			<xmax>431</xmax>
			<ymax>144</ymax>
		</bndbox>
		<difficult>1</difficult>
	</object>
	<object>
		<name>carambola</name>
		<pose>Unspecified</pose>
		<truncated>0</truncated>
		<occluded>0</occluded>
		<bndbox>
			<xmin>435</xmin>
			<ymin>188</ymin>
			<xmax>486</xmax>
			<ymax>278</ymax>
		</bndbox>
		<difficult>0</difficult>
	</object>
	<object>
		<name>carambola</name>
		<pose>Unspecified</pose>
		<truncated>0</truncated>
		<occluded>1</occluded>
		<bndbox>
			<xmin>376</xmin>
			<ymin>232</ymin>
			<xmax>429</xmax>
			<ymax>330</ymax>
		</bndbox>
		<difficult>0</difficult>
	</object>
	<object>
		<name>carambola</name>
		<pose>Unspecified</pose>
		<truncated>0</truncated>
		<occluded>1</occluded>
		<bndbox>
			<xmin>332</xmin>
			<ymin>267</ymin>
			<xmax>370</xmax>
			<ymax>333</ymax>
		</bndbox>
		<difficult>0</difficult>
	</object>
	<object>
		<name>carambola</name>
		<pose>Unspecified</pose>
		<truncated>0</truncated>
		<occluded>1</occluded>
		<bndbox>
			<xmin>494</xmin>
			<ymin>356</ymin>
			<xmax>512</xmax>
			<ymax>400</ymax>
		</bndbox>
		<difficult>1</difficult>
	</object>
	<object>
		<name>carambola</name>
		<pose>Unspecified</pose>
		<truncated>1</truncated>
		<occluded>1</occluded>
		<bndbox>
			<xmin>406</xmin>
			<ymin>490</ymin>
			<xmax>426</xmax>
			<ymax>512</ymax>
		</bndbox>
		<difficult>1</difficult>
	</object>
	<object>
		<name>carambola</name>
		<pose>Unspecified</pose>
		<truncated>0</truncated>
		<occluded>1</occluded>
		<bndbox>
			<xmin>324</xmin>
			<ymin>466</ymin>
			<xmax>350</xmax>
			<ymax>512</ymax>
		</bndbox>
		<difficult>1</difficult>
	</object>
	<object>
		<name>carambola</name>
		<pose>Unspecified</pose>
		<truncated>1</truncated>
		<occluded>0</occluded>
		<bndbox>
			<xmin>364</xmin>
			<ymin>456</ymin>
			<xmax>394</xmax>
			<ymax>512</ymax>
		</bndbox>
		<difficult>0</difficult>
	</object>
	<object>
		<name>carambola</name>
		<pose>Unspecified</pose>
		<truncated>0</truncated>
		<occluded>0</occluded>
		<bndbox>
			<xmin>436</xmin>
			<ymin>376</ymin>
			<xmax>462</xmax>
			<ymax>464</ymax>
		</bndbox>
		<difficult>0</difficult>
	</object>
	<object>
		<name>carambola</name>
		<pose>Unspecified</pose>
		<truncated>0</truncated>
		<occluded>0</occluded>
		<bndbox>
			<xmin>400</xmin>
			<ymin>388</ymin>
			<xmax>446</xmax>
			<ymax>490</ymax>
		</bndbox>
		<difficult>0</difficult>
	</object>
<annotation>