<annotation>
	<folder>carambola</folder>
	<filename>tree_carambola_309_b.jpg</filename>
	<source>
		<database>The VOC2008 Database</database>
		<annotation>PASCAL VOC2008</annotation>
		<image>flickr</image>
	</source>
	<size>
		<width>512</width>
		<height>512</height>
		<depth>3</depth>
	</size>
	<segmented>0</segmented>
	<object>
		<name>carambola</name>
		<pose>Unspecified</pose>
		<truncated>0</truncated>
		<occluded>1</occluded>
		<bndbox>
			<xmin>128</xmin>
			<ymin>329</ymin>
			<xmax>178</xmax>
			<ymax>398</ymax>
		</bndbox>
		<difficult>0</difficult>
	</object>
	<object>
		<name>carambola</name>
		<pose>Unspecified</pose>
		<truncated>0</truncated>
		<occluded>1</occluded>
		<bndbox>
			<xmin>167</xmin>
			<ymin>378</ymin>
			<xmax>222</xmax>
			<ymax>466</ymax>
		</bndbox>
		<difficult>0</difficult>
	</object>
	<object>
		<name>carambola</name>
		<pose>Unspecified</pose>
		<truncated>0</truncated>
		<occluded>0</occluded>
		<bndbox>
			<xmin>72</xmin>
			<ymin>300</ymin>
			<xmax>128</xmax>
			<ymax>383</ymax>
		</bndbox>
		<difficult>0</difficult>
	</object>
	<object>
		<name>carambola</name>
		<pose>Unspecified</pose>
		<truncated>0</truncated>
		<occluded>1</occluded>
		<bndbox>
			<xmin>120</xmin>
			<ymin>271</ymin>
			<xmax>172</xmax>
			<ymax>346</ymax>
		</bndbox>
		<difficult>0</difficult>
	</object>
	<object>
		<name>carambola</name>
		<pose>Unspecified</pose>
		<truncated>0</truncated>
		<occluded>0</occluded>
		<bndbox>
			<xmin>131</xmin>
			<ymin>240</ymin>
			<xmax>175</xmax>
			<ymax>296</ymax>
		</bndbox>
		<difficult>0</difficult>
	</object>
	<object>
		<name>carambola</name>
		<pose>Unspecified</pose>
		<truncated>0</truncated>
		<occluded>0</occluded>
		<bndbox>
			<xmin>38</xmin>
			<ymin>206</ymin>
			<xmax>87</xmax>
			<ymax>284</ymax>
		</bndbox>
		<difficult>0</difficult>
	</object>
	<object>
		<name>carambola</name>
		<pose>Unspecified</pose>
		<truncated>0</truncated>
		<occluded>1</occluded>
		<bndbox>
			<xmin>83</xmin>
			<ymin>188</ymin>
			<xmax>132</xmax>
			<ymax>236</ymax>
		</bndbox>
		<difficult>1</difficult>
	</object>
	<object>
		<name>carambola</name>
		<pose>Unspecified</pose>
		<truncated>0</truncated>
		<occluded>1</occluded>
		<bndbox>
			<xmin>231</xmin>
			<ymin>188</ymin>
			<xmax>256</xmax>
			<ymax>222</ymax>
		</bndbox>
		<difficult>1</difficult>
	</object>
	<object>
		<name>carambola</name>
		<pose>Unspecified</pose>
		<truncated>0</truncated>
		<occluded>1</occluded>
		<bndbox>
			<xmin>248</xmin>
			<ymin>289</ymin>
			<xmax>302</xmax>
			<ymax>363</ymax>
		</bndbox>
		<difficult>0</difficult>
	</object>
	<object>
		<name>carambola</name>
		<pose>Unspecified</pose>
		<truncated>0</truncated>
		<occluded>1</occluded>
		<bndbox>
			<xmin>272</xmin>
			<ymin>351</ymin>
			<xmax>330</xmax>
			<ymax>418</ymax>
		</bndbox>
		<difficult>0</difficult>
	</object>
	<object>
		<name>carambola</name>
		<pose>Unspecified</pose>
		<truncated>0</truncated>
		<occluded>1</occluded>
		<bndbox>
			<xmin>314</xmin>
			<ymin>356</ymin>
			<xmax>366</xmax>
			<ymax>434</ymax>
		</bndbox>
		<difficult>0</difficult>
	</object>
	<object>
		<name>carambola</name>
		<pose>Unspecified</pose>
		<truncated>0</truncated>
		<occluded>0</occluded>
		<bndbox>
			<xmin>294</xmin>
			<ymin>403</ymin>
			<xmax>355</xmax>
			<ymax>474</ymax>
		</bndbox>
		<difficult>0</difficult>
	</object>
	<object>
		<name>carambola</name>
		<pose>Unspecified</pose>
		<truncated>0</truncated>
		<occluded>1</occluded>
		<bndbox>
			<xmin>438</xmin>
			<ymin>190</ymin>
			<xmax>500</xmax>
			<ymax>283</ymax>
		</bndbox>
		<difficult>0</difficult>
	</object>
	<object>
		<name>carambola</name>
		<pose>Unspecified</pose>
		<truncated>0</truncated>
		<occluded>0</occluded>
		<bndbox>
			<xmin>272</xmin>
			<ymin>62</ymin>
			<xmax>325</xmax>
			<ymax>144</ymax>
		</bndbox>
		<difficult>0</difficult>
	</object>
</annotation>
