<annotation>
	<folder>carambola</folder>
	<filename>tree_carambola_400x315.jpg</filename>
	<source>
		<database>The VOC2008 Database</database>
		<annotation>PASCAL VOC2008</annotation>
		<image>flickr</image>
	</source>
	<size>
		<width>512</width>
		<height>512</height>
		<depth>3</depth>
	</size>
	<segmented>0</segmented>
	<object>
		<name>carambola</name>
		<pose>Unspecified</pose>
		<truncated>0</truncated>
		<occluded>0</occluded>
		<bndbox>
			<xmin>49</xmin>
			<ymin>78</ymin>
			<xmax>184</xmax>
			<ymax>342</ymax>
		</bndbox>
		<difficult>0</difficult>
	</object>
	<object>
		<name>carambola</name>
		<pose>Unspecified</pose>
		<truncated>0</truncated>
		<occluded>0</occluded>
		<bndbox>
			<xmin>127</xmin>
			<ymin>199</ymin>
			<xmax>255</xmax>
			<ymax>445</ymax>
		</bndbox>
		<difficult>0</difficult>
	</object>
	<object>
		<name>carambola</name>
		<pose>Unspecified</pose>
		<truncated>0</truncated>
		<occluded>0</occluded>
		<bndbox>
			<xmin>308</xmin>
			<ymin>181</ymin>
			<xmax>428</xmax>
			<ymax>323</ymax>
		</bndbox>
		<difficult>0</difficult>
	</object>
	<object>
		<name>carambola</name>
		<pose>Unspecified</pose>
		<truncated>0</truncated>
		<occluded>0</occluded>
		<bndbox>
			<xmin>392</xmin>
			<ymin>269</ymin>
			<xmax>492</xmax>
			<ymax>479</ymax>
		</bndbox>
		<difficult>0</difficult>
	</object>
</annotation>
